country,Year,Predicted_URBAN_SDG_7_1_1,Correction_Factor,Corrected_Predicted_URBAN_SDG_7_1_1
Afghanistan,2022,102.4563636363636,-0.3070454545454506,102.14177602892559
Afghanistan,2023,103.7890909090909,-0.5412987012987003,103.22728190791027
Afghanistan,2024,105.1218181818182,-0.8536363636363665,104.2244601157025
Afghanistan,2025,106.4545454545454,-1.2909090909090792,105.08031404958673
Afghanistan,2026,107.7872727272727,-1.9468181818181733,105.6888505041322
Afghanistan,2027,109.12,-3.0400000000000014,105.802752
Afghanistan,2028,110.4527272727273,-5.226363636363651,104.68006609917356
Afghanistan,2029,111.7854545454545,-11.785454545454499,98.61103061157026
Afghanistan,2030,113.1181818181818,0.0,86.98927242203942
Angola,2022,104.5945454545454,-0.5743181818181746,103.99383996280987
Angola,2023,107.6145454545454,-1.087792207792199,106.44392281463985
Angola,2024,110.6345454545454,-1.7724242424242338,108.67363195041318
Angola,2025,113.6545454545454,-2.73090909090908,110.55074314049583
Angola,2026,116.6745454545454,-4.168636363636349,111.8108079256198
Angola,2027,119.6945454545454,-6.5648484848484685,111.83677990082641
Angola,2028,122.7145454545454,-11.3572727272727,108.77751985123966
Angola,2029,125.7345454545454,-25.734545454545398,93.37733170247937
Angola,2030,128.7545454545455,0.0,69.34709983126318
Bangladesh,2022,97.89454545454545,0.2631818181818186,98.15218609917355
Bangladesh,2023,98.85090909090908,0.16415584415584508,99.013178635183
Bangladesh,2024,99.80727272727273,0.03212121212121133,99.83933203305786
Bangladesh,2025,100.7636363636364,-0.15272727272727876,100.60974280991738
Bangladesh,2026,101.72,-0.4299999999999997,101.28260399999999
Bangladesh,2027,102.6763636363636,-0.8921212121212013,101.7603660165289
Bangladesh,2028,103.6327272727273,-1.816363636363647,101.75038009917357
Bangladesh,2029,104.5890909090909,-4.589090909090899,99.78940244628099
Bangladesh,2030,105.5454545454545,0.0,95.20997605038258
Belize,2022,99.2009090909091,0.09988636363636338,99.29999727169421
Belize,2023,99.37636363636365,0.08909090909090724,99.46489894214878
Belize,2024,99.55181818181819,0.07469696969696808,99.62618037327825
Belize,2025,99.72727272727273,0.05454545454545325,99.7816694214876
Belize,2026,99.90272727272728,0.024318181818181017,99.92702179958678
Belize,2027,100.0781818181818,-0.026060606060601305,100.05210083746556
Belize,2028,100.2536363636364,-0.12681818181820148,100.12649652479341
Belize,2029,100.4290909090909,-0.42909090909090253,99.99815880991736
Belize,2030,100.6045454545455,0.0,99.56907580120571
Benin,2022,75.38909090909091,3.076363636363636,77.70833348760331
Benin,2023,76.69272727272727,3.3296103896103904,79.24629628807556
Benin,2024,77.99636363636364,3.6672727272727266,80.85670300826446
Benin,2025,79.30000000000001,4.139999999999998,82.58302
Benin,2026,80.60363636363637,4.849090909090908,84.51217996694216
Benin,2027,81.90727272727273,6.030909090909091,86.84702588429752
Benin,2028,83.2109090909091,8.394545454545451,90.19608667768595
Benin,2029,84.51454545454546,15.485454545454544,97.6020069752066
Benin,2030,85.81818181818181,0.0,112.7161214008036
Botswana,2022,100.0981818181818,-0.012272727272724993,100.0858970413223
Botswana,2023,102.9472727272727,-0.4210389610389577,102.51382459976385
Botswana,2024,105.7963636363636,-0.9660606060605991,104.77430664462807
Botswana,2025,108.6454545454545,-1.7290909090908997,106.76687586776856
Botswana,2026,111.4945454545455,-2.8736363636363755,108.2905976528926
Botswana,2027,114.3436363636364,-4.7812121212121355,108.87662456198349
Botswana,2028,117.1927272727273,-8.596363636363648,107.11841428099174
Botswana,2029,120.0418181818182,-20.0418181818182,95.98325523966942
Botswana,2030,122.8909090909091,0.0,76.74646573954438
Bulgaria,2022,100.0918181818182,-0.011477272727274723,100.08033037086778
Bulgaria,2023,100.4309090909091,-0.061558441558442416,100.36908538842975
Bulgaria,2024,100.77,-0.12833333333333266,100.64067849999999
Bulgaria,2025,101.1090909090909,-0.22181818181817903,100.88481256198347
Bulgaria,2026,101.4481818181818,-0.36204545454544856,101.08089328719007
Bulgaria,2027,101.7872727272728,-0.5957575757576024,101.18086733884303
Bulgaria,2028,102.1263636363636,-1.0631818181818034,101.04057470661155
Bulgaria,2029,102.4654545454546,-2.4654545454546053,99.93921533884297
Bulgaria,2030,102.8045454545455,0.0,97.4752594115798
Burkina Faso,2022,56.16454545454544,5.47943181818182,59.24204342871899
Burkina Faso,2023,56.76727272727271,6.176103896103898,60.273278469893725
Burkina Faso,2024,57.36999999999998,7.105000000000003,61.44613849999998
Burkina Faso,2025,57.97272727272725,8.40545454545455,62.84559851239667
Burkina Faso,2026,58.57545454545453,10.356136363636368,64.64160849380164
Burkina Faso,2027,59.1781818181818,13.607272727272735,67.23071841322312
Burkina Faso,2028,59.78090909090908,20.10954545454546,71.80257817768594
Burkina Faso,2029,60.38363636363635,39.61636363636365,84.30543732231403
Burkina Faso,2030,60.98636363636362,0.0,117.7041859371486
Burundi,2022,45.93727272727273,6.757840909090909,49.041640536157026
Burundi,2023,45.74909090909091,7.75012987012987,49.29470486894923
Burundi,2024,45.56090909090909,9.073181818181817,49.694733210743806
Burundi,2025,45.37272727272727,10.925454545454546,50.32990396694214
Burundi,2026,45.18454545454546,13.703863636363636,51.37657394834711
Burundi,2027,44.99636363636363,18.334545454545456,53.246242380165285
Burundi,2028,44.80818181818182,27.59590909090909,57.173406938016534
Burundi,2029,44.62,55.38,69.330556
Burundi,2030,44.43181818181818,0.0,107.72581791280001
Cabo Verde,2022,98.07545454545455,0.24056818181818151,98.31139288326446
Cabo Verde,2023,98.84727272727272,0.16467532467532514,99.01004979456907
Cabo Verde,2024,99.6190909090909,0.06348484848484996,99.68233393801653
Cabo Verde,2025,100.3909090909091,-0.07818181818182098,100.31242165289257
Cabo Verde,2026,101.1627272727273,-0.2906818181818238,100.86866561776861
Cabo Verde,2027,101.9345454545455,-0.6448484848485,101.27722208264466
Cabo Verde,2028,102.7063636363636,-1.3531818181818025,101.31655979752064
Cabo Verde,2029,103.4781818181818,-3.4781818181817954,99.8790225123967
Cabo Verde,2030,104.25,0.0,96.40504851119282
Cambodia,2022,119.6009090909091,-2.4501136363636373,116.67055090805786
Cambodia,2023,122.2945454545454,-3.184935064935057,118.39954359386064
Cambodia,2024,124.9881818181818,-4.1646969696969665,119.78280279752065
Cambodia,2025,127.6818181818182,-5.536363636363641,120.61288842975208
Cambodia,2026,130.3754545454545,-7.593863636363622,120.47492031198344
Cambodia,2027,133.0690909090909,-11.023030303030302,118.40084469421487
Cambodia,2028,135.7627272727273,-17.881363636363645,111.48650032644628
Cambodia,2029,138.4563636363636,-38.45636363636359,85.21108095867771
Cambodia,2030,141.15,0.0,52.44199780673244
Cameroon,2022,93.44454545454546,0.8194318181818172,94.21025979235537
Cameroon,2023,94.1418181818182,0.836883116883115,94.92967516410863
Cameroon,2024,94.83909090909091,0.8601515151515144,95.65485078650138
Cameroon,2025,95.53636363636365,0.8927272727272708,96.38924280991736
Cameroon,2026,96.23363636363638,0.9415909090909054,97.13976353512398
Cameroon,2027,96.9309090909091,1.023030303030301,97.92254166391184
Cameroon,2028,97.62818181818183,1.1859090909090853,98.7859633016529
Cameroon,2029,98.32545454545456,1.674545454545438,99.97195897520662
Cameroon,2030,99.02272727272728,0.0,101.64603487004597
Caribbean,2022,94.50272727272724,0.6871590909090948,95.15211135433881
Caribbean,2023,94.52909090909088,0.7815584415584453,95.26789099881934
Caribbean,2024,94.55545454545452,0.9074242424242461,95.41347366253441
Caribbean,2025,94.58181818181815,1.08363636363637,95.60674115702477
Caribbean,2026,94.60818181818179,1.3479545454545523,95.88345710537187
Caribbean,2027,94.63454545454543,1.7884848484848561,96.32706996143249
Caribbean,2028,94.66090909090906,2.669545454545471,97.18792508677684
Caribbean,2029,94.6872727272727,5.312727272727301,99.71774928925619
Caribbean,2030,94.71363636363634,0.0,105.01548135149633
Central African Republic,2022,29.87909090909091,8.765113636363637,32.49802718078512
Central African Republic,2023,30.60727272727273,9.913246753246753,33.64144719716647
Central African Republic,2024,31.33545454545455,11.444090909090908,34.921512450413225
Central African Republic,2025,32.06363636363637,13.587272727272728,36.42021008264464
Central African Republic,2026,32.79181818181819,16.80204545454545,38.301514378099185
Central African Republic,2027,33.52000000000001,22.159999999999997,40.94803200000001
Central African Republic,2028,34.24818181818182,32.87590909090909,45.50758293801653
Central African Republic,2029,34.97636363636364,65.02363636363637,57.71926714049587
Central African Republic,2030,35.70454545454546,0.0,95.25043351768777
Central America,2022,99.73,0.0337499999999995,99.763658875
Central America,2023,99.78363636363636,0.03090909090909122,99.8144785785124
Central America,2024,99.83727272727272,0.027121212121213507,99.86434980578511
Central America,2025,99.89090909090909,0.02181818181818187,99.91270347107438
Central America,2026,99.94454545454545,0.013863636363637966,99.95840140289256
Central America,2027,99.99818181818182,0.0006060606060600549,99.9987878677686
Central America,2028,100.0518181818182,-0.025909090909102872,100.02589566528927
Central America,2029,100.1054545454545,-0.10545454545450639,99.99988879338844
Central America,2030,100.1590909090909,0.0,99.89443436520635
Central and Southern Asia,2022,100.8609090909091,-0.10761363636363797,100.75236899896696
Central and Southern Asia,2023,101.3436363636364,-0.19194805194805806,101.14910922786308
Central and Southern Asia,2024,101.8263636363636,-0.30439393939393256,101.51641035674928
Central and Southern Asia,2025,102.3090909090909,-0.4618181818181796,101.83660892561983
Central and Southern Asia,2026,102.7918181818182,-0.6979545454545502,102.07437801446282
Central and Southern Asia,2027,103.2745454545455,-1.0915151515151678,102.14728814325072
Central and Southern Asia,2028,103.7572727272727,-1.8786363636363532,101.80805087190082
Central and Southern Asia,2029,104.24,-4.239999999999995,99.820224
Central and Southern Asia,2030,104.7227272727273,0.0,95.5878465024
Chad,2022,33.09363636363636,8.363295454545455,35.86135494938016
Chad,2023,34.11090909090909,9.412727272727272,37.32167593388429
Chad,2024,35.12818181818182,10.811969696969697,38.92623019146006
Chad,2025,36.14545454545454,12.770909090909091,40.76155768595041
Chad,2026,37.16272727272727,15.709318181818183,43.00073834504131
Chad,2027,38.18,20.606666666666666,46.04762533333333
Chad,2028,39.19727272727273,30.401363636363634,51.11377814462811
Chad,2029,40.21454545454546,59.78545454545454,64.25699424793389
Chad,2030,41.23181818181818,0.0,102.67333033630774
Congo,2022,67.51636363636364,4.0604545454545455,70.25783489256199
Congo,2023,68.49272727272728,4.50103896103896,71.57561161275089
Congo,2024,69.46909090909091,5.088484848484849,73.00401507438016
Congo,2025,70.44545454545454,5.910909090909092,74.60942132231405
Congo,2026,71.42181818181818,7.1445454545454545,76.52458244628099
Congo,2027,72.39818181818183,9.200606060606058,79.05925332231405
Congo,2028,73.37454545454545,13.312727272727273,83.1426985785124
Congo,2029,74.35090909090908,25.649090909090916,93.4212413553719
Congo,2030,75.32727272727273,0.0,117.38294047901249
Côte d'Ivoire,2022,98.28636363636365,0.21420454545454426,98.49689749483471
Côte d'Ivoire,2023,99.03636363636365,0.1376623376623363,99.17269940968123
Côte d'Ivoire,2024,99.78636363636365,0.03560606060605901,99.82189362947659
Côte d'Ivoire,2025,100.5363636363636,-0.10727272727272066,100.42851553719005
Côte d'Ivoire,2026,101.2863636363636,-0.3215909090909008,100.9606358987603
Côte d'Ivoire,2027,102.0363636363636,-0.6787878787878677,101.34375316804406
Côte d'Ivoire,2028,102.7863636363636,-1.3931818181818016,101.35436270661155
Côte d'Ivoire,2029,103.5363636363636,-3.5363636363636033,99.87494132231406
Côte d'Ivoire,2030,104.2863636363636,0.0,96.34300021555225
Democratic Republic of the Congo,2022,59.19454545454546,5.100681818181817,62.21387087190084
Democratic Republic of the Congo,2023,60.90545454545455,5.584935064935064,64.30698463282174
Democratic Republic of the Congo,2024,62.61636363636364,6.2306060606060605,66.51774258402205
Democratic Republic of the Congo,2025,64.32727272727271,7.134545454545457,68.9167312396694
Democratic Republic of the Congo,2026,66.03818181818181,8.490454545454547,71.64512362809917
Democratic Republic of the Congo,2027,67.74909090909091,10.75030303030303,75.03232348209366
Democratic Republic of the Congo,2028,69.46,15.270000000000003,80.066542
Democratic Republic of the Congo,2029,71.17090909090909,28.829090909090908,91.68883517355371
Democratic Republic of the Congo,2030,72.88181818181818,0.0,118.12189281922403
Djibouti,2022,73.48545454545454,3.314318181818182,75.92099632644629
Djibouti,2023,74.2690909090909,3.6758441558441564,76.99910694687131
Djibouti,2024,75.05272727272727,4.157878787878789,78.17332869972451
Djibouti,2025,75.83636363636363,4.832727272727274,79.5013282644628
Djibouti,2026,76.62,5.844999999999999,81.098439
Djibouti,2027,77.40363636363637,7.532121212121211,83.23377207713499
Djibouti,2028,78.18727272727273,10.906363636363636,86.71466100826447
Djibouti,2029,78.97090909090909,21.02909090909091,95.5777733553719
Djibouti,2030,79.75454545454545,0.0,115.67691020315793
Eastern Africa,2022,73.33363636363637,3.3332954545454534,75.77806313119835
Eastern Africa,2023,74.44363636363637,3.6509090909090895,77.16150585123968
Eastern Africa,2024,75.55363636363637,4.074393939393938,78.63198914462811
Eastern Africa,2025,76.66363636363637,4.667272727272726,80.24173735537191
Eastern Africa,2026,77.77363636363637,5.556590909090907,82.09519917148761
Eastern Africa,2027,78.88363636363637,7.038787878787876,84.43608819834711
Eastern Africa,2028,79.99363636363637,10.003181818181815,87.99554525206612
Eastern Africa,2029,81.10363636363637,18.89636363636363,96.42927441322314
Eastern Africa,2030,82.21363636363637,0.0,114.65090075825273
Eastern and South-Eastern Asia,2022,100.55,-0.06874999999999964,100.48087187499999
Eastern and South-Eastern Asia,2023,100.6454545454546,-0.0922077922077997,100.55265159386073
Eastern and South-Eastern Asia,2024,100.7409090909091,-0.12348484848484986,100.61650933195592
Eastern and South-Eastern Asia,2025,100.8363636363637,-0.16727272727273998,100.6676919008265
Eastern and South-Eastern Asia,2026,100.9318181818182,-0.2329545454545503,100.69669292355373
Eastern and South-Eastern Asia,2027,101.0272727272727,-0.34242424242423414,100.68133085399447
Eastern and South-Eastern Asia,2028,101.1227272727273,-0.5613636363636516,100.55506105371903
Eastern and South-Eastern Asia,2029,101.2181818181818,-1.2181818181818045,99.98516033057851
Eastern and South-Eastern Asia,2030,101.3136363636364,0.0,98.76715928655148
El Salvador,2022,96.98636363636365,0.3767045454545439,97.3517156766529
El Salvador,2023,97.00000000000001,0.42857142857142655,97.4157142857143
El Salvador,2024,97.01363636363638,0.4977272727272701,97.49649969008266
El Salvador,2025,97.02727272727273,0.5945454545454538,97.60414396694215
El Salvador,2026,97.0409090909091,0.7397727272727259,97.75879127066116
El Salvador,2027,97.05454545454546,0.9818181818181794,98.00744462809918
El Salvador,2028,97.06818181818183,1.4659090909090864,98.49111311983472
El Salvador,2029,97.08181818181819,2.9181818181818073,99.91484214876033
El Salvador,2030,97.09545454545456,0.0,102.8305389060105
Equatorial Guinea,2022,90.44727272727273,1.1940909090909084,91.52729538842976
Equatorial Guinea,2023,90.2709090909091,1.3898701298701286,91.52555749232586
Equatorial Guinea,2024,90.09454545454545,1.650909090909091,91.58192449586777
Equatorial Guinea,2025,89.91818181818182,2.0163636363636357,91.73125933884297
Equatorial Guinea,2026,89.74181818181819,2.5645454545454527,92.04328790082646
Equatorial Guinea,2027,89.56545454545456,3.4781818181818145,92.68070390082646
Equatorial Guinea,2028,89.38909090909091,5.305454545454545,94.13158849586777
Equatorial Guinea,2029,89.21272727272728,10.787272727272722,98.83634747107438
Equatorial Guinea,2030,89.03636363636365,0.0,109.49809382645408
Eritrea,2022,75.49000000000001,3.063749999999999,77.80282487500001
Eritrea,2023,75.33272727272728,3.5238961038961025,77.9873743140496
Eritrea,2024,75.17545454545454,4.137424242424243,78.28578202617079
Eritrea,2025,75.01818181818182,4.996363636363637,78.7663629752066
Eritrea,2026,74.86090909090909,6.284772727272728,79.56574708884297
Eritrea,2027,74.70363636363636,8.432121212121212,81.00273753168044
Eritrea,2028,74.54636363636364,12.726818181818182,84.03374379752066
Eritrea,2029,74.38909090909091,25.61090909090909,93.4408133553719
Eritrea,2030,74.23181818181818,0.0,117.37185511762223
Eswatini,2022,87.85272727272726,1.518409090909092,89.18669107024793
Eswatini,2023,89.33818181818181,1.5231168831168844,90.6989067485242
Eswatini,2024,90.82363636363635,1.529393939393941,92.212687553719
Eswatini,2025,92.3090909090909,1.5381818181818203,93.72897256198347
Eswatini,2026,93.79454545454544,1.5513636363636394,95.24963992561983
Eswatini,2027,95.28,1.573333333333333,96.779072
Eswatini,2028,96.76545454545453,1.6172727272727343,98.33041585123966
Eswatini,2029,98.25090909090909,1.74909090909091,99.96940680991736
Eswatini,2030,99.73636363636362,0.0,101.71796261630173
Ethiopia,2022,95.72454545454545,0.5344318181818188,96.23612788326446
Ethiopia,2023,96.52545454545454,0.4963636363636376,97.00457180165289
Ethiopia,2024,97.32636363636362,0.4456060606060627,97.76005581129475
Ethiopia,2025,98.12727272727273,0.37454545454545496,98.49480396694214
Ethiopia,2026,98.92818181818181,0.2679545454545469,99.19326437809917
Ethiopia,2027,99.7290909090909,0.09030303030303344,99.81914930027547
Ethiopia,2028,100.53,-0.26500000000000057,100.2635955
Ethiopia,2029,101.3309090909091,-1.3309090909091026,99.98228680991735
Ethiopia,2030,102.1318181818182,0.0,98.65161346546535
Fiji,2022,100.9981818181818,-0.1247727272727257,100.87216363223139
Fiji,2023,101.42,-0.2028571428571431,101.21426228571428
Fiji,2024,101.8418181818182,-0.3069696969696996,101.52919466115704
Fiji,2025,102.2636363636364,-0.45272727272727875,101.80066099173555
Fiji,2026,102.6854545454546,-0.671363636363651,101.99606174380169
Fiji,2027,103.1072727272728,-1.0357575757576,102.03933133884303
Fiji,2028,103.5290909090909,-1.7645454545454484,101.70227304132231
Fiji,2029,103.9509090909091,-3.950909090909093,99.84390317355371
Fiji,2030,104.3727272727273,0.0,95.8991613263513
Gabon,2022,100.5636363636364,-0.07045454545455065,100.49278471074383
Gabon,2023,101.0181818181818,-0.1454545454545431,100.87124628099173
Gabon,2024,101.4727272727273,-0.2454545454545496,101.2236578512397
Gabon,2025,101.9272727272727,-0.3854545454545388,101.53438942148757
Gabon,2026,102.3818181818182,-0.595454545454551,101.77218099173555
Gabon,2027,102.8363636363636,-0.9454545454545334,101.86409256198345
Gabon,2028,103.2909090909091,-1.6454545454545482,101.59130413223141
Gabon,2029,103.7454545454545,-3.745454545454507,99.85971570247933
Gabon,2030,104.2,0.0,96.11951544162288
Gambia,2022,81.27727272727273,2.3403409090909086,83.17943799070248
Gambia,2023,82.70909090909092,2.470129870129869,84.75211286894924
Gambia,2024,84.1409090909091,2.643181818181816,86.36490630165291
Gambia,2025,85.57272727272728,2.8854545454545444,88.04188942148761
Gambia,2026,87.00454545454546,3.248863636363634,89.83120449380166
Gambia,2027,88.43636363636364,3.854545454545454,91.84518347107438
Gambia,2028,89.86818181818182,5.065909090909088,94.42082221074381
Gambia,2029,91.30000000000001,8.699999999999989,99.2431
Gambia,2030,92.7318181818182,0.0,107.8772497
Ghana,2022,81.58545454545454,2.3018181818181827,83.46340337190082
Ghana,2023,81.6781818181818,2.6174025974026,83.81602867060211
Ghana,2024,81.77090909090907,3.038181818181821,84.25525798347105
Ghana,2025,81.86363636363635,3.627272727272731,84.83305371900825
Ghana,2026,81.95636363636362,4.510909090909095,85.65334069421486
Ghana,2027,82.04909090909089,5.983636363636369,86.95861014876031
Ghana,2028,82.14181818181817,8.929090909090917,89.47633580165288
Ghana,2029,82.23454545454544,17.76545454545456,96.84388624793388
Ghana,2030,82.32727272727271,0.0,114.04864283936229
Guatemala,2022,94.67272727272729,0.6659090909090892,95.30316157024795
Guatemala,2023,94.67272727272729,0.7610389610389591,95.3932236127509
Guatemala,2024,94.67272727272729,0.8878787878787856,95.51330633608816
Guatemala,2025,94.67272727272729,1.0654545454545428,95.68142214876035
Guatemala,2026,94.67272727272729,1.3318181818181785,95.9335958677686
Guatemala,2027,94.67272727272729,1.7757575757575712,96.35388539944904
Guatemala,2028,94.67272727272729,2.663636363636357,97.19446446280992
Guatemala,2029,94.67272727272729,5.327272727272714,99.71620165289256
Guatemala,2030,94.67272727272729,0.0,105.02835566821938
Guinea,2022,90.8518181818182,1.1435227272727246,91.89072937086779
Guinea,2023,92.44363636363637,1.0794805194805182,93.44154740968123
Guinea,2024,94.03545454545456,0.9940909090909074,94.97025245041323
Guinea,2025,95.62727272727274,0.8745454545454521,96.46357669421488
Guinea,2026,97.21909090909092,0.6952272727272693,97.89498454338845
Guinea,2027,98.8109090909091,0.39636363636363114,99.2025596033058
Guinea,2028,100.4027272727273,-0.20136363636365218,100.20055269008266
Guinea,2029,101.9945454545455,-1.9945454545455021,99.96021788429752
Guinea,2030,103.5863636363636,0.0,97.96646590213248
Guinea-Bissau,2022,19.91181818181818,10.011022727272728,21.905194825413222
Guinea-Bissau,2023,19.62909090909091,11.481558441558443,21.882816453364818
Guinea-Bissau,2024,19.34636363636364,13.442272727272728,21.94695459917356
Guinea-Bissau,2025,19.06363636363636,16.187272727272727,22.149519173553713
Guinea-Bissau,2026,18.78090909090909,20.304772727272727,22.594329997933883
Guinea-Bissau,2027,18.49818181818182,27.167272727272728,23.52363332231405
Guinea-Bissau,2028,18.21545454545455,40.892272727272726,25.664167896694217
Guinea-Bissau,2029,17.93272727272727,82.06727272727272,32.649627471074375
Guinea-Bissau,2030,17.65,0.0,59.444286292199536
Guyana,2022,93.29545454545456,0.8380681818181799,94.07733406508265
Guyana,2023,93.64545454545456,0.9077922077922064,94.49556068476979
Guyana,2024,93.99545454545455,1.000757575757575,94.93612117768595
Guyana,2025,94.34545454545456,1.1309090909090884,95.4124158677686
Guyana,2026,94.69545454545455,1.326136363636362,95.95124540289257
Guyana,2027,95.04545454545456,1.6515151515151463,96.61514462809919
Guyana,2028,95.39545454545456,2.3022727272727224,97.5917180785124
Guyana,2029,95.74545454545455,4.25454545454545,99.81898842975207
Guyana,2030,96.09545454545456,0.0,104.06583266476333
Haiti,2022,71.54818181818182,3.556477272727273,74.09277664359504
Haiti,2023,71.72,4.04,74.617488
Haiti,2024,71.89181818181818,4.68469696969697,75.25973200964187
Haiti,2025,72.06363636363636,5.587272727272728,76.0900282644628
Haiti,2026,72.23545454545454,6.941136363636364,77.2494159483471
Haiti,2027,72.40727272727273,9.197575757575757,79.06698649035812
Haiti,2028,72.57909090909091,13.710454545454546,82.53001417768596
Haiti,2029,72.75090909090909,27.24909090909091,92.57487044628098
Haiti,2030,72.92272727272727,0.0,117.80068105316123
Indonesia,2022,102.65,-0.3312500000000007,102.309971875
Indonesia,2023,102.9727272727273,-0.4246753246753282,102.53542750885481
Indonesia,2024,103.2954545454545,-0.5492424242424173,102.72811208677683
Indonesia,2025,103.6181818181818,-0.7236363636363592,102.8683629752066
Indonesia,2026,103.9409090909091,-0.9852272727272755,102.9168549070248
Indonesia,2027,104.2636363636364,-1.4212121212121314,102.78182892561985
Indonesia,2028,104.5863636363636,-2.2931818181818002,102.18800816115701
Indonesia,2029,104.9090909090909,-4.9090909090909065,99.7590082644628
Indonesia,2030,105.2318181818182,0.0,94.86174785875282
Kenya,2022,81.39727272727272,2.32534090909091,83.2900368088843
Kenya,2023,82.81636363636363,2.4548051948051954,84.84934403305785
Kenya,2024,84.23545454545453,2.627424242424245,86.44867729889806
Kenya,2025,85.65454545454544,2.869090909090912,88.11205223140495
Kenya,2026,87.07363636363635,3.2315909090909116,89.8875000805785
Kenya,2027,88.49272727272727,3.835757575757578,91.88709376308539
Kenya,2028,89.91181818181818,5.044090909090912,94.44705202892561
Kenya,2029,91.33090909090907,8.669090909090926,99.24846862809918
Kenya,2030,92.74999999999999,0.0,107.85240859934967
Kiribati,2022,84.27181818181819,1.9660227272727262,85.92862127995869
Kiribati,2023,83.83272727272728,2.309610389610388,85.76893665171194
Kiribati,2024,83.39363636363636,2.767727272727273,85.70174478099173
Kiribati,2025,82.95454545454545,3.409090909090909,85.78254132231405
Kiribati,2026,82.51545454545455,4.371136363636364,86.12231758471074
Kiribati,2027,82.07636363636364,5.974545454545454,86.9800532892562
Kiribati,2028,81.63727272727273,9.181363636363635,89.13268759917355
Kiribati,2029,81.19818181818182,18.801818181818177,96.46491633057852
Kiribati,2030,80.75909090909092,0.0,114.60207450829692
Landlocked developing countries (LLDCs),2022,84.13363636363637,1.9832954545454538,85.80225494938017
Landlocked developing countries (LLDCs),2023,84.46181818181819,2.219740259740259,86.33665116410863
Landlocked developing countries (LLDCs),2024,84.79,2.534999999999999,86.93942650000001
Landlocked developing countries (LLDCs),2025,85.11818181818182,2.976363636363635,87.65160842975207
Landlocked developing countries (LLDCs),2026,85.44636363636366,3.638409090909086,88.55525189876035
Landlocked developing countries (LLDCs),2027,85.77454545454546,4.7418181818181795,89.841818446281
Landlocked developing countries (LLDCs),2028,86.1027272727273,6.9486363636363535,92.08569269008265
Landlocked developing countries (LLDCs),2029,86.43090909090911,13.569090909090889,98.15879771900828
Landlocked developing countries (LLDCs),2030,86.75909090909093,0.0,111.47805421677114
Latin America and the Caribbean,2022,100.3218181818182,-0.04022727272727522,100.28146145041325
Latin America and the Caribbean,2023,100.4236363636364,-0.06051948051948638,100.36286050059036
Latin America and the Caribbean,2024,100.5254545454546,-0.08757575757576556,100.43741861707993
Latin America and the Caribbean,2025,100.6272727272727,-0.12545454545453935,100.5010312396694
Latin America and the Caribbean,2026,100.7290909090909,-0.18227272727272492,100.54548924793387
Latin America and the Caribbean,2027,100.8309090909091,-0.27696969696970086,100.55163802754822
Latin America and the Caribbean,2028,100.9327272727273,-0.46636363636365274,100.46201373553721
Latin America and the Caribbean,2029,101.0345454545455,-1.0345454545454942,99.9892971570248
Latin America and the Caribbean,2030,101.1363636363636,0.0,98.95486242825481
Least Developed Countries (LDCs),2022,79.87727272727273,2.5153409090909093,81.88645844524794
Least Developed Countries (LDCs),2023,80.99090909090907,2.7155844155844187,83.19028559622194
Least Developed Countries (LDCs),2024,82.10454545454544,2.982575757575759,84.55337572314049
Least Developed Countries (LDCs),2025,83.2181818181818,3.356363636363639,86.01128661157024
Least Developed Countries (LDCs),2026,84.33181818181816,3.917045454545459,87.63513383264461
Least Developed Countries (LDCs),2027,85.44545454545454,4.851515151515154,89.59085371900827
Least Developed Countries (LDCs),2028,86.5590909090909,6.720454545454551,92.37625526859503
Least Developed Countries (LDCs),2029,87.67272727272726,12.327272727272742,98.48038347107438
Least Developed Countries (LDCs),2030,88.78636363636362,0.0,110.62032892441773
Lesotho,2022,92.43545454545453,0.9455681818181834,93.30949479235537
Lesotho,2023,96.04181818181817,0.5654545454545469,96.58489100826445
Lesotho,2024,99.64818181818181,0.058636363636364784,99.70661188842975
Lesotho,2025,103.2545454545454,-0.6509090909090787,102.58245223140491
Lesotho,2026,106.8609090909091,-1.715227272727276,105.02800163429752
Lesotho,2027,110.4672727272727,-3.4890909090909,106.61296915702478
Lesotho,2028,114.0736363636363,-7.036818181818148,106.04648197933882
Lesotho,2029,117.68,-17.680000000000007,96.87417599999999
Lesotho,2030,121.2863636363636,0.0,79.74682168319998
Liberia,2022,17.99000000000001,10.251249999999999,19.83419987500001
Liberia,2023,18.88000000000001,11.588571428571427,21.067922285714296
Liberia,2024,19.77000000000001,13.371666666666664,22.41357850000001
Liberia,2025,20.66000000000001,15.867999999999999,23.93832880000001
Liberia,2026,21.55000000000001,19.612499999999997,25.776493750000014
Liberia,2027,22.44000000000001,25.853333333333328,28.24148800000001
Liberia,2028,23.33000000000001,38.334999999999994,32.273555500000015
Liberia,2029,24.22000000000001,75.77999999999999,42.57391600000001
Liberia,2030,25.11000000000001,0.0,74.83642954480001
Madagascar,2022,65.6381818181818,4.295227272727274,68.45749090495866
Madagascar,2023,66.44363636363636,4.793766233766235,69.62878896812278
Madagascar,2024,67.24909090909091,5.458484848484848,70.91987234710744
Madagascar,2025,68.05454545454545,6.3890909090909105,72.40261223140496
Madagascar,2026,68.86,7.785,74.220751
Madagascar,2027,69.66545454545454,10.111515151515155,76.70968753719008
Madagascar,2028,70.47090909090909,14.764545454545456,80.87561849586777
Madagascar,2029,71.27636363636363,28.723636363636373,91.74952714049586
Madagascar,2030,72.08181818181818,0.0,118.10332768168774
Malawi,2022,43.09454545454545,7.113181818181819,46.15993882644627
Malawi,2023,43.76,8.034285714285714,47.27580342857143
Malawi,2024,44.42545454545455,9.262424242424242,48.54032861707989
Malawi,2025,45.09090909090909,10.98181818181818,50.042710743801656
Malawi,2026,45.75636363636364,13.56090909090909,51.9613425123967
Malawi,2027,46.42181818181818,17.85939393939394,54.71247356473829
Malawi,2028,47.08727272727273,26.456363636363633,59.54485282644629
Malawi,2029,47.75272727272728,52.24727272727272,72.70222492561984
Malawi,2030,48.41818181818182,0.0,110.6871546613037
Mali,2022,105.5972727272727,-0.699659090909087,104.85845180888427
Mali,2023,108.9254545454545,-1.2750649350649286,107.53658426918533
Mali,2024,112.2536363636364,-2.0422727272727337,109.96111096280995
Mali,2025,115.5818181818182,-3.1163636363636416,111.97986842975209
Mali,2026,118.91,-4.727499999999999,113.28852975
Mali,2027,122.2381818181818,-7.412727272727267,113.17699877685949
Mali,2028,125.5663636363636,-12.783181818181802,109.51498707024793
Mali,2029,128.8945454545454,-28.89454545454541,91.6510524297521
Mali,2030,132.2227272727273,0.0,65.16889742586814
Marshall Islands,2022,96.09,0.4887499999999996,96.559639875
Marshall Islands,2023,96.40545454545455,0.5135064935064934,96.9005028146399
Marshall Islands,2024,96.7209090909091,0.5465151515151495,97.24950351377412
Marshall Islands,2025,97.03636363636365,0.5927272727272708,97.61152462809918
Marshall Islands,2026,97.35181818181819,0.6620454545454528,97.99633146900827
Marshall Islands,2027,97.66727272727273,0.7775757575757561,98.4267097630854
Marshall Islands,2028,97.98272727272727,1.0086363636363629,98.97101669008265
Marshall Islands,2029,98.29818181818183,1.7018181818181688,99.97103814876033
Marshall Islands,2030,98.61363636363637,0.0,101.67236345252832
Mauritania,2022,97.18272727272728,0.35215909090909037,97.52496508161157
Mauritania,2023,99.60363636363637,0.056623376623375875,99.66003530578513
Mauritania,2024,102.0245454545455,-0.33742424242425056,101.68028990495871
Mauritania,2025,104.4454545454546,-0.889090909090919,103.51683950413226
Mauritania,2026,106.8663636363636,-1.7165909090909004,105.03190535330576
Mauritania,2027,109.2872727272727,-3.0957575757575646,105.90400370247932
Mauritania,2028,111.7081818181818,-5.8540909090909,105.16868330165289
Mauritania,2029,114.1290909090909,-14.129090909090905,98.00368790082645
Mauritania,2030,116.55,0.0,84.15665774305695
Mexico,2022,99.93636363636364,0.007954545454545325,99.94431311983472
Mexico,2023,99.96363636363637,0.00519480519480453,99.9688292798111
Mexico,2024,99.9909090909091,0.0015151515151501371,99.99242410468321
Mexico,2025,100.0181818181818,-0.003636363636360329,100.01454479338841
Mexico,2026,100.0454545454545,-0.011363636363626028,100.03408574380163
Mexico,2027,100.0727272727273,-0.02424242424243535,100.04846721763087
Mexico,2028,100.1,-0.04999999999999716,100.04995
Mexico,2029,100.1272727272727,-0.12727272727269678,99.99983801652893
Mexico,2030,100.1545454545455,0.0,99.872565495417
Micronesia (Federated States of),2022,100.0981818181818,-0.012272727272724993,100.0858970413223
Micronesia (Federated States of),2023,101.4472727272727,-0.20675324675324344,101.23752719716644
Micronesia (Federated States of),2024,102.7963636363636,-0.466060606060599,102.3172702809917
Micronesia (Federated States of),2025,104.1454545454545,-0.8290909090908997,103.28199404958674
Micronesia (Federated States of),2026,105.4945454545454,-1.3736363636363507,104.04543401652889
Micronesia (Federated States of),2027,106.8436363636363,-2.281212121212102,104.40630638016525
Micronesia (Federated States of),2028,108.1927272727273,-4.096363636363648,103.7607597355372
Micronesia (Federated States of),2029,109.5418181818182,-9.5418181818182,99.08953705785123
Micronesia (Federated States of),2030,110.8909090909091,0.0,89.6345935945857
Middle Africa,2022,75.29818181818182,3.087727272727273,77.62318431404958
Middle Africa,2023,76.99272727272727,3.2867532467532476,79.5232882361275
Middle Africa,2024,78.68727272727273,3.5521212121212122,81.48234003305785
Middle Africa,2025,80.38181818181818,3.9236363636363647,83.53570842975206
Middle Africa,2026,82.07636363636362,4.480909090909094,85.75413087603305
Middle Africa,2027,83.77090909090909,5.409696969696971,88.3026614214876
Middle Africa,2028,85.46545454545453,7.267272727272733,91.67646221487603
Middle Africa,2029,87.16,12.840000000000003,98.351344
Middle Africa,2030,88.85454545454544,0.0,110.9796565696
Mozambique,2022,84.02999999999997,1.9962500000000034,85.70744887499997
Mozambique,2023,86.93818181818179,1.86597402597403,88.56042570956313
Mozambique,2024,89.84636363636362,1.69227272727273,91.36680914462808
Mozambique,2025,92.75454545454542,1.4490909090909156,94.09864314049584
Mozambique,2026,95.66272727272725,1.0843181818181868,96.70001561776859
Mozambique,2027,98.57090909090907,0.47636363636364365,99.04046505785122
Mozambique,2028,101.4790909090909,-0.7395454545454498,100.72860690495867
Mozambique,2029,104.3872727272727,-4.387272727272702,99.80751838016529
Mozambique,2030,107.2954545454545,0.0,95.42869034650461
Myanmar,2022,94.99727272727273,0.6253409090909088,95.59132953615703
Myanmar,2023,95.58909090909091,0.6301298701298695,96.1914263234947
Myanmar,2024,96.1809090909091,0.6365151515151505,96.79311515013775
Myanmar,2025,96.77272727272728,0.645454545454544,97.39735123966943
Myanmar,2026,97.36454545454546,0.658863636363634,98.00604503925621
Myanmar,2027,97.95636363636365,0.6812121212121175,98.62365425895318
Myanmar,2028,98.54818181818183,0.7259090909090844,99.26355202892563
Myanmar,2029,99.14000000000001,0.8599999999999852,99.992604
Myanmar,2030,99.7318181818182,0.0,100.85254039439998
Namibia,2022,79.58727272727272,2.55159090909091,81.6180143429752
Namibia,2023,79.95818181818181,2.863116883116884,82.24747802125147
Namibia,2024,80.32909090909091,3.278484848484849,82.96266798347108
Namibia,2025,80.69999999999999,3.860000000000002,83.81501999999999
Namibia,2026,81.07090909090908,4.732272727272729,84.90740561157024
Namibia,2027,81.44181818181818,6.186060606060607,86.47985841322314
Namibia,2028,81.81272727272727,9.093636363636364,89.25247919008264
Namibia,2029,82.18363636363635,17.816363636363647,96.8257718677686
Namibia,2030,82.55454545454545,0.0,114.07660347744614
Nepal,2022,101.9372727272727,-0.24215909090908738,101.69042235433882
Nepal,2023,102.7218181818182,-0.38883116883117047,102.3224037355372
Nepal,2024,103.5063636363636,-0.5843939393939337,102.90147872038564
Nepal,2025,104.2909090909091,-0.8581818181818193,103.39590347107439
Nepal,2026,105.0754545454545,-1.2688636363636263,103.74219031198344
Nepal,2027,105.86,-1.9533333333333331,103.79220133333334
Nepal,2028,106.6445454545454,-3.322272727272697,103.1015228057851
Nepal,2029,107.4290909090909,-7.4290909090909025,99.44808608264464
Nepal,2030,108.2136363636364,0.0,92.05999736021398
Niger,2022,71.75181818181818,3.5310227272727275,74.28539118904959
Niger,2023,73.23454545454545,3.8236363636363637,76.03476816528925
Niger,2024,74.71727272727273,4.213787878787879,77.86570010881543
Niger,2025,76.2,4.76,79.82712000000001
Niger,2026,77.68272727272728,5.579318181818181,82.01689379958678
Niger,2027,79.16545454545454,6.944848484848488,84.66337541597795
Niger,2028,80.64818181818181,9.675909090909094,88.45162657438016
Niger,2029,82.13090909090909,17.869090909090914,96.80695590082644
Niger,2030,83.61363636363636,0.0,114.10547885706866
Nigeria,2022,81.85727272727273,2.267840909090909,83.71366544524794
Nigeria,2023,81.73818181818181,2.6088311688311694,83.87059298229043
Nigeria,2024,81.6190909090909,3.06348484848485,84.11947939256197
Nigeria,2025,81.5,3.7,84.5155
Nigeria,2026,81.38090909090909,4.654772727272729,85.16900545247934
Nigeria,2027,81.26181818181817,6.24606060606061,86.33748059504131
Nigeria,2028,81.14272727272727,9.428636363636365,88.79337996280992
Nigeria,2029,81.02363636363636,18.976363636363644,96.39897623140496
Nigeria,2030,80.90454545454546,0.0,114.69199650280812
Northern Africa,2022,96.36363636363639,0.4545454545454515,96.801652892562
Northern Africa,2023,96.4636363636364,0.5051948051948004,96.95096564344749
Northern Africa,2024,96.56363636363639,0.5727272727272682,97.11668264462813
Northern Africa,2025,96.66363636363639,0.6672727272727229,97.308646446281
Northern Africa,2026,96.7636363636364,0.8090909090909015,97.54654214876035
Northern Africa,2027,96.86363636363639,1.0454545454545372,97.87630165289258
Northern Africa,2028,96.9636363636364,1.5181818181818016,98.43572066115705
Northern Africa,2029,97.06363636363639,2.936363636363609,99.91377768595042
Northern Africa,2030,97.16363636363639,0.0,102.84760952163785
Northern Africa and Western Asia,2022,98.80454545454546,0.14943181818181728,98.95219088326446
Northern Africa and Western Asia,2023,98.88181818181818,0.15974025974026063,99.03977225501771
Northern Africa and Western Asia,2024,98.9590909090909,0.17348484848484938,99.13076993801653
Northern Africa and Western Asia,2025,99.03636363636363,0.19272727272727366,99.22723371900825
Northern Africa and Western Asia,2026,99.11363636363636,0.22159090909091006,99.3332631714876
Northern Africa and Western Asia,2027,99.19090909090909,0.2696969696969707,99.45842396694215
Northern Africa and Western Asia,2028,99.26818181818182,0.36590909090909207,99.6314131198347
Northern Africa and Western Asia,2029,99.34545454545454,0.6545454545454561,99.99571570247934
Northern Africa and Western Asia,2030,99.42272727272727,0.0,100.65023311435012
Oceania,2022,98.5181818181818,0.1852272727272748,98.70066435950412
Oceania,2023,98.5272727272727,0.21038961038961393,98.73456387249112
Oceania,2024,98.53636363636362,0.2439393939393971,98.77673264462808
Oceania,2025,98.54545454545452,0.29090909090909634,98.83213223140494
Oceania,2026,98.55454545454543,0.36136363636364166,98.91068574380164
Oceania,2027,98.56363636363633,0.4787878787878886,99.03554710743799
Oceania,2028,98.57272727272725,0.7136363636363754,99.27617809917353
Oceania,2029,98.58181818181815,1.41818181818185,99.97988760330578
Oceania,2030,98.59090909090907,0.0,101.39778419113452
Oceania (exc. Australia and New Zealand),2022,85.40909090909093,1.8238636363636331,86.9668362603306
Oceania (exc. Australia and New Zealand),2023,85.5727272727273,2.0610389610389563,87.33641452184183
Oceania (exc. Australia and New Zealand),2024,85.73636363636366,2.377272727272723,87.7745508264463
Oceania (exc. Australia and New Zealand),2025,85.90000000000003,2.819999999999993,88.32238000000002
Oceania (exc. Australia and New Zealand),2026,86.06363636363639,3.4840909090909022,89.0621716942149
Oceania (exc. Australia and New Zealand),2027,86.22727272727276,4.590909090909079,90.1858884297521
Oceania (exc. Australia and New Zealand),2028,86.39090909090912,6.8045454545454405,92.26941776859506
Oceania (exc. Australia and New Zealand),2029,86.55454545454549,13.44545454545451,98.19219752066117
Oceania (exc. Australia and New Zealand),2030,86.71818181818185,0.0,111.39458480548457
Pakistan,2022,99.87818181818182,0.015227272727273089,99.8933905413223
Pakistan,2023,100.1672727272727,-0.023896103896100435,100.1433366517119
Pakistan,2024,100.4563636363636,-0.07606060606060083,100.37995591735535
Pakistan,2025,100.7454545454545,-0.1490909090909014,100.59525223140493
Pakistan,2026,101.0345454545455,-0.25863636363637355,100.77323338016532
Pakistan,2027,101.3236363636364,-0.44121212121213205,100.87658419834713
Pakistan,2028,101.6127272727273,-0.806363636363649,100.79335919008265
Pakistan,2029,101.9018181818182,-1.9018181818182,99.96383087603306
Pakistan,2030,102.1909090909091,0.0,98.06270056519067
Papua New Guinea,2022,72.66636363636363,3.4167045454545466,75.14915858574379
Papua New Guinea,2023,73.08363636363636,3.8451948051948057,75.89384455253837
Papua New Guinea,2024,73.50090909090909,4.416515151515152,76.74708787741046
Papua New Guinea,2025,73.91818181818182,5.216363636363636,77.77402297520662
Papua New Guinea,2026,74.33545454545454,6.416136363636365,79.10491867561983
Papua New Guinea,2027,74.75272727272727,8.415757575757576,81.04373558126721
Papua New Guinea,2028,75.17,12.415,84.50235550000001
Papua New Guinea,2029,75.58727272727272,24.41272727272728,94.04018747107438
Papua New Guinea,2030,76.00454545454545,0.0,116.99796196514922
Peru,2022,103.1345454545454,-0.3918181818181754,102.73044555371897
Peru,2023,103.5927272727273,-0.5132467532467574,103.06104096340026
Peru,2024,104.0509090909091,-0.675151515151517,103.3484078016529
Peru,2025,104.5090909090909,-0.9018181818181802,103.56660892561983
Peru,2026,104.9672727272727,-1.241818181818175,103.66377004958676
Peru,2027,105.4254545454545,-1.8084848484848333,103.51885117355368
Peru,2028,105.8836363636364,-2.941818181818199,102.76873229752067
Peru,2029,106.3418181818182,-6.341818181818198,99.5978134214876
Peru,2030,106.8,0.0,93.28150118123034
Philippines,2022,99.36272727272728,0.07965909090908951,99.44187871797521
Philippines,2023,99.79636363636365,0.029090909090906995,99.82539530578514
Philippines,2024,100.23,-0.038333333333333997,100.1915785
Philippines,2025,100.6636363636364,-0.1327272727272799,100.53002826446284
Philippines,2026,101.0972727272727,-0.2743181818181739,100.81994452685949
Philippines,2027,101.5309090909091,-0.5103030303030351,101.01279378512397
Philippines,2028,101.9645454545455,-0.9822727272727505,100.96297553305787
Philippines,2029,102.3981818181818,-2.398181818181797,99.94248723966942
Philippines,2030,102.8318181818182,0.0,97.545684682049
Rwanda,2022,55.65272727272728,5.54340909090909,58.73778561570249
Rwanda,2023,56.53818181818182,6.208831168831169,60.04854207319953
Rwanda,2024,57.42363636363636,7.096060606060607,61.49845240220385
Rwanda,2025,58.30909090909091,8.338181818181818,63.17100892561984
Rwanda,2026,59.19454545454546,10.201363636363634,65.2331962892562
Rwanda,2027,60.08,13.306666666666667,68.07464533333334
Rwanda,2028,60.96545454545455,19.517272727272726,72.8642485785124
Rwanda,2029,61.8509090909091,38.1490909090909,85.44646862809918
Rwanda,2030,62.73636363636363,0.0,118.04351962364058
Sao Tome and Principe,2022,77.15272727272728,2.8559090909090905,79.35613902479339
Sao Tome and Principe,2023,77.77454545454546,3.1750649350649343,80.24393777567887
Sao Tome and Principe,2024,78.39636363636365,3.6006060606060593,81.21910785674932
Sao Tome and Principe,2025,79.01818181818182,4.196363636363637,82.3340720661157
Sao Tome and Principe,2026,79.64,5.09,83.693676
Sao Tome and Principe,2027,80.26181818181819,6.579393939393938,85.54255938292012
Sao Tome and Principe,2028,80.88363636363637,9.558181818181815,88.61464138842976
Sao Tome and Principe,2029,81.50545454545455,18.494545454545445,96.57951788429753
Sao Tome and Principe,2030,82.12727272727273,0.0,114.44146071918979
Senegal,2022,98.07636363636365,0.24045454545454348,98.31219271074382
Senegal,2023,99.20545454545456,0.11350649350649178,99.31805917827629
Senegal,2024,100.3345454545455,-0.055757575757584256,100.27860134435267
Senegal,2025,101.4636363636364,-0.29272727272727933,101.1666246280992
Senegal,2026,102.5927272727273,-0.6481818181818255,101.92773986776862
Senegal,2027,103.7218181818182,-1.2406060606060645,102.43503901928375
Senegal,2028,104.8509090909091,-2.4254545454545493,102.30779795041323
Senegal,2029,105.98,-5.980000000000004,99.642396
Senegal,2030,107.1090909090909,0.0,93.6837807192
Sierra Leone,2022,51.37,6.07875,54.492653874999995
Sierra Leone,2023,52.5890909090909,6.772987012987015,56.15094320661156
Sierra Leone,2024,53.80818181818182,7.698636363636363,57.95067807024794
Sierra Leone,2025,55.02727272727272,8.994545454545456,59.97672578512395
Sierra Leone,2026,56.24636363636363,10.938409090909092,62.39882098966942
Sierra Leone,2027,57.46545454545454,14.17818181818182,65.61301117355372
Sierra Leone,2028,58.68454545454544,20.65772727272728,70.80743880578511
Sierra Leone,2029,59.90363636363636,40.09636363636364,83.92281623140495
Sierra Leone,2030,61.12272727272726,0.0,117.57281380142629
Small island developing States (SIDS),2022,93.39090909090909,0.8261363636363637,94.16244535123967
Small island developing States (SIDS),2023,93.42727272727272,0.9389610389610397,94.30451841794569
Small island developing States (SIDS),2024,93.46363636363637,1.0893939393939387,94.48182355371901
Small island developing States (SIDS),2025,93.5,1.3,94.7155
Small island developing States (SIDS),2026,93.53636363636363,1.615909090909092,95.04782623966942
Small island developing States (SIDS),2027,93.57272727272728,2.142424242424241,95.57745206611571
Small island developing States (SIDS),2028,93.60909090909091,3.1954545454545453,96.60032685950414
Small island developing States (SIDS),2029,93.64545454545454,6.354545454545459,99.59619752066115
Small island developing States (SIDS),2030,93.68181818181819,0.0,105.92508316311044
Solomon Islands,2022,79.31545454545454,2.585568181818182,81.36620970144628
Solomon Islands,2023,80.2709090909091,2.818441558441557,82.53329775206612
Solomon Islands,2024,81.22636363636364,3.1289393939393926,83.76788732644629
Solomon Islands,2025,82.18181818181819,3.5636363636363626,85.11047933884298
Solomon Islands,2026,83.13727272727273,4.215681818181817,86.6420756177686
Solomon Islands,2027,84.09272727272727,5.302424242424242,88.55168042975207
Solomon Islands,2028,85.04818181818182,7.4759090909090915,91.40630657438017
Solomon Islands,2029,86.00363636363636,13.99636363636364,98.04101804958677
Solomon Islands,2030,86.95909090909092,0.0,111.76319544859984
Somalia,2022,95.87090909090908,0.516136363636365,96.36573371487603
Somalia,2023,99.45636363636362,0.07766233766234011,99.53360377331758
Somalia,2024,103.0418181818182,-0.5069696969697001,102.51942738842976
Somalia,2025,106.6272727272727,-1.3254545454545394,105.21397669421485
Somalia,2026,110.2127272727273,-2.5531818181818267,107.39879595867771
Somalia,2027,113.7981818181818,-4.599393939393934,108.56415514049586
Somalia,2028,117.3836363636363,-8.69181818181815,107.18086411570246
Somalia,2029,120.9690909090909,-20.969090909090895,95.60297226446282
Somalia,2030,124.5545454545454,0.0,75.55589809853466
South Africa,2022,86.76181818181817,1.6547727272727286,88.19752908677685
South Africa,2023,86.80181818181818,1.8854545454545462,88.43842700826445
South Africa,2024,86.84181818181818,2.193030303030303,88.74628557024793
South Africa,2025,86.88181818181818,2.623636363636365,89.16128115702479
South Africa,2026,86.92181818181818,3.2695454545454545,89.76376653719008
South Africa,2027,86.96181818181817,4.346060606060608,90.74123150413223
South Africa,2028,87.00181818181818,6.49909090909091,92.65614543801652
South Africa,2029,87.04181818181817,12.958181818181828,98.32085523966941
South Africa,2030,87.08181818181818,0.0,111.06145042681713
South America,2022,100.8818181818182,-0.1102272727272755,100.7706189049587
South America,2023,101.0,-0.14285714285714285,100.85571428571428
South America,2024,101.1181818181818,-0.18636363636363265,100.92973429752064
South America,2025,101.2363636363636,-0.24727272727272123,100.98603371900825
South America,2026,101.3545454545454,-0.3386363636363505,101.01132210743798
South America,2027,101.4727272727273,-0.4909090909090992,100.97458842975209
South America,2028,101.5909090909091,-0.7954545454545467,100.78279958677686
South America,2029,101.7090909090909,-1.7090909090909037,99.97079008264463
South America,2030,101.8272727272727,0.0,98.2621983975958
South Sudan,2022,12.09454545454546,10.988181818181818,13.42351609917356
South Sudan,2023,12.26909090909091,12.532987012987013,13.806774479338843
South Sudan,2024,12.44363636363637,14.592727272727272,14.259502280991743
South Sudan,2025,12.61818181818182,17.476363636363637,14.823381157024796
South Sudan,2026,12.79272727272728,21.80181818181818,15.58177441322315
South Sudan,2027,12.96727272727273,29.01090909090909,16.729196429752072
South Sudan,2028,13.14181818181818,43.42909090909091,18.849190347107438
South Sudan,2029,13.31636363636364,86.68363636363637,24.859471867768605
South Sudan,2030,13.49090909090909,0.0,46.40856606354562
South-Eastern Asia,2022,101.4436363636364,-0.18045454545455009,101.26057671074383
South-Eastern Asia,2023,101.7654545454545,-0.25220779220778616,101.5087941393152
South-Eastern Asia,2024,102.0872727272727,-0.3478787878787841,101.73213276033056
South-Eastern Asia,2025,102.4090909090909,-0.4818181818181813,101.9156652892562
South-Eastern Asia,2026,102.7309090909091,-0.6827272727272735,102.02953715702479
South-Eastern Asia,2027,103.0527272727273,-1.0175757575757653,102.00408770247935
South-Eastern Asia,2028,103.3745454545455,-1.6872727272727488,101.63033494214878
South-Eastern Asia,2029,103.6963636363636,-3.6963636363636,99.86336895867768
South-Eastern Asia,2030,104.0181818181818,0.0,96.17205570244151
Southern Africa,2022,86.76636363636362,1.6542045454545473,88.20165676756197
Southern Africa,2023,86.94727272727272,1.864675324675326,88.56855706729633
Southern Africa,2024,87.1281818181818,2.145303030303033,88.9973453429752
Southern Africa,2025,87.3090909090909,2.5381818181818203,89.52515438016528
Southern Africa,2026,87.49,3.1275000000000013,90.22624975
Southern Africa,2027,87.67090909090908,4.109696969696974,91.27391778512396
Southern Africa,2028,87.85181818181817,6.074090909090913,93.18801748347107
Southern Africa,2029,88.03272727272726,11.967272727272743,98.56784383471074
Southern Africa,2030,88.21363636363635,0.0,110.36372652780287
Southern Asia,2022,100.9309090909091,-0.11636363636363711,100.81346221487604
Southern Asia,2023,101.4418181818182,-0.20597402597402947,101.23287438488786
Southern Asia,2024,101.9527272727273,-0.32545454545455027,101.62091748760334
Southern Asia,2025,102.4636363636364,-0.49272727272727934,101.95877008264465
Southern Asia,2026,102.9745454545455,-0.7436363636363765,102.20878928925623
Southern Asia,2027,103.4854545454546,-1.1618181818182005,102.2831417190083
Southern Asia,2028,103.9963636363637,-1.9981818181818483,101.9183272066116
Southern Asia,2029,104.5072727272727,-4.5072727272727064,99.79684492561984
Southern Asia,2030,105.0181818181818,0.0,95.29872895160874
Sub-Saharan Africa,2022,77.72545454545457,2.784318181818179,79.88957850826448
Sub-Saharan Africa,2023,78.45636363636366,3.077662337662334,80.87098559149943
Sub-Saharan Africa,2024,79.18727272727276,3.468787878787874,81.93411124517908
Sub-Saharan Africa,2025,79.91818181818184,4.016363636363633,83.12798661157026
Sub-Saharan Africa,2026,80.64909090909093,4.8377272727272675,84.55067397520664
Sub-Saharan Africa,2027,81.38000000000002,6.206666666666659,86.43098533333335
Sub-Saharan Africa,2028,82.1109090909091,8.944545454545448,89.45535667768596
Sub-Saharan Africa,2029,82.84181818181821,17.158181818181788,97.05596796694216
Sub-Saharan Africa,2030,83.57272727272729,0.0,113.70900741610637
Sudan,2022,59.38909090909091,5.076363636363636,62.40389712396694
Sudan,2023,59.30181818181818,5.8140259740259745,62.74964129397874
Sudan,2024,59.21454545454545,6.797575757575758,63.23969904132231
Sudan,2025,59.12727272727273,8.174545454545454,63.9606585123967
Sudan,2026,59.04,10.24,65.085696
Sudan,2027,58.95272727272727,13.682424242424242,67.01888952066116
Sudan,2028,58.86545454545454,20.56727272727273,70.97247312396694
Sudan,2029,58.77818181818181,41.22181818181819,83.00761705785123
Sudan,2030,58.69090909090909,0.0,117.22486603849858
Suriname,2022,96.70000000000002,0.41249999999999787,97.09888750000002
Suriname,2023,96.65454545454547,0.4779220779220757,97.11647886658797
Suriname,2024,96.60909090909092,0.5651515151515127,97.15507865013775
Suriname,2025,96.56363636363638,0.6872727272727246,97.22729190082646
Suriname,2026,96.51818181818183,0.8704545454545425,97.35832871900827
Suriname,2027,96.47272727272728,1.1757575757575722,97.60701267217631
Suriname,2028,96.42727272727274,1.7863636363636317,98.14981446280993
Suriname,2029,96.38181818181819,3.61818181818181,99.86908760330579
Suriname,2030,96.33636363636366,0.0,103.48253277295267
Tajikistan,2022,98.6890909090909,0.16386363636363832,98.85080644214875
Tajikistan,2023,98.6381818181818,0.19454545454545627,98.83007791735537
Tajikistan,2024,98.58727272727272,0.23545454545454683,98.81940094214875
Tajikistan,2025,98.53636363636363,0.29272727272727367,98.82480644628099
Tajikistan,2026,98.48545454545453,0.37863636363636743,98.8583562892562
Tajikistan,2027,98.43454545454544,0.5218181818181856,98.94819480991735
Tajikistan,2028,98.38363636363636,0.8081818181818221,99.17875502479339
Tajikistan,2029,98.33272727272727,1.6672727272727315,99.97220201652893
Tajikistan,2030,98.28181818181817,0.0,101.63901127560452
Togo,2022,101.7963636363636,-0.22454545454544927,101.56778452892559
Togo,2023,104.4309090909091,-0.6329870129870139,103.76987499881936
Togo,2024,107.0654545454545,-1.17757575757575,105.80467770798894
Togo,2025,109.7,-1.9400000000000006,107.57182
Togo,2026,112.3345454545454,-3.0836363636363515,108.87055656198343
Togo,2027,114.9690909090909,-4.989696969696965,109.23248166391184
Togo,2028,117.6036363636363,-8.801818181818149,107.25237811570246
Togo,2029,120.2381818181818,-20.2381818181818,95.90415996694216
Togo,2030,122.8727272727272,0.0,76.49490170163249
Uganda,2022,56.95363636363636,5.380795454545455,60.01819504028926
Uganda,2023,57.6509090909091,6.049870129870128,61.1387142195986
Uganda,2024,58.34818181818182,6.9419696969696965,62.39869491873279
Uganda,2025,59.04545454545455,8.190909090909091,63.88181404958678
Uganda,2026,59.74272727272728,10.06431818181818,65.75542543595041
Uganda,2027,60.44,13.186666666666667,68.41002133333333
Uganda,2028,61.13727272727273,19.431363636363635,73.01707850826446
Uganda,2029,61.83454545454546,38.16545454545454,85.43398079338843
Uganda,2030,62.53181818181818,0.0,118.04024789946145
United Republic of Tanzania,2022,60.45545454545456,4.94306818181818,63.443808883264474
United Republic of Tanzania,2023,61.68545454545456,5.473506493506491,65.061811905549
United Republic of Tanzania,2024,62.91545454545457,6.180757575757571,66.80410626859506
United Republic of Tanzania,2025,64.14545454545456,7.170909090909089,68.74526677685951
United Republic of Tanzania,2026,65.37545454545456,8.65613636363636,71.03444303925622
United Republic of Tanzania,2027,66.60545454545456,11.131515151515146,74.01965080991737
United Republic of Tanzania,2028,67.83545454545455,16.082272727272724,78.74493735123968
United Republic of Tanzania,2029,69.06545454545456,30.934545454545443,90.43053897520662
United Republic of Tanzania,2030,70.29545454545456,0.0,118.40481515928234
Vanuatu,2022,90.56363636363633,1.1795454545454582,91.63187561983469
Vanuatu,2023,91.11818181818178,1.268831168831174,92.27431770956314
Vanuatu,2024,91.67272727272724,1.3878787878787928,92.94503360881541
Vanuatu,2025,92.22727272727269,1.5545454545454618,93.66098760330576
Vanuatu,2026,92.78181818181815,1.8045454545454618,94.45610826446278
Vanuatu,2027,93.3363636363636,2.221212121212133,95.40956225895314
Vanuatu,2028,93.89090909090905,3.054545454545476,96.75884958677683
Vanuatu,2029,94.44545454545451,5.55454545454549,99.69147024793388
Vanuatu,2030,94.99999999999996,0.0,105.22887827716006
Western Africa,2022,80.96818181818182,2.3789772727272727,82.89439646177686
Western Africa,2023,81.2909090909091,2.672727272727272,83.46359338842976
Western Africa,2024,81.61363636363637,3.0643939393939377,84.11459969008266
Western Africa,2025,81.93636363636364,3.6127272727272723,84.89650099173554
Western Africa,2026,82.25909090909092,4.435227272727271,85.90746854338843
Western Africa,2027,82.58181818181819,5.806060606060602,87.37656859504133
Western Africa,2028,82.90454545454546,8.547727272727272,89.99099989669422
Western Africa,2029,83.22727272727273,16.772727272727266,97.18675619834711
Western Africa,2030,83.55000000000001,0.0,113.48762576070624
Zambia,2022,65.19727272727272,4.35034090909091,68.03357635433883
Zambia,2023,66.11636363636363,4.8405194805194816,69.31673909799291
Zambia,2024,67.03545454545454,5.49409090909091,70.71844335950414
Zambia,2025,67.95454545454544,6.409090909090912,72.30981404958676
Zambia,2026,68.87363636363635,7.781590909090912,74.23310098966941
Zambia,2027,69.79272727272726,10.069090909090912,76.82022042975206
Zambia,2028,70.71181818181817,14.644090909090913,81.0669211198347
Zambia,2029,71.63090909090909,28.369090909090914,91.95194680991736
Zambia,2030,72.54999999999998,0.0,118.03787819310173
Zimbabwe,2022,90.61454545454545,1.1731818181818188,91.67761882644628
Zimbabwe,2023,90.86727272727272,1.3046753246753258,92.05279561275088
Zimbabwe,2024,91.11999999999999,1.4800000000000015,92.46857599999998
Zimbabwe,2025,91.37272727272726,1.7254545454545478,92.94932214876032
Zimbabwe,2026,91.62545454545453,2.0936363636363673,93.54375838016527
Zimbabwe,2027,91.87818181818182,2.7072727272727284,94.3655747768595
Zimbabwe,2028,92.13090909090909,3.9345454545454572,95.75584158677685
Zimbabwe,2029,92.38363636363636,7.616363636363644,99.41991004958678
Zimbabwe,2030,92.63636363636363,0.0,106.99209192590895
